{
	"json.schemas.desc": "Associa schemi a file JSON nel progetto corrente",
	"json.schemas.url.desc": "URL di uno schema o percorso relativo di uno schema nella directory corrente",
	"json.schemas.fileMatch.desc": "Matrice di criteri dei file da usare per la ricerca durante la risoluzione di file JSON in schemi.",
	"json.schemas.fileMatch.item.desc": "Criteri dei file che possono contenere '*' da usare per la ricerca durante la risoluzione di file JSON in schemi.",
	"json.schemas.schema.desc": "Definizione dello schema per l'URL specificato. È necessario specificare lo schema per evitare accessi all'URL dello schema.",
	"json.format.enable.desc": "Abilita/Disabilita il formattatore JSON predefinito (richiede il riavvio)"
}