{
	"command.clone": "복제",
	"command.init": "리포지토리 초기화",
	"command.refresh": "새로 고침",
	"command.openChange": "변경 내용 열기",
	"command.openFile": "파일 열기",
	"command.stage": "파일 스테이징",
	"command.stageAll": "모든 파일 스테이징",
	"command.stageSelectedRanges": "선택한 범위 스테이징",
	"command.revertSelectedRanges": "선택한 범위 되돌리기",
	"command.unstage": "파일 스테이징 취소",
	"command.unstageAll": "모든 파일 스테이징 취소",
	"command.unstageSelectedRanges": "선택한 범위 스테이징 취소",
	"command.clean": "파일 정리",
	"command.cleanAll": "모든 파일 정리",
	"command.commit": "커밋",
	"command.commitStaged": "스테이징된 항목 커밋",
	"command.commitStagedSigned": "스테이징된 항목 커밋(로그오프됨)",
	"command.commitAll": "모두 커밋",
	"command.commitAllSigned": "모두 커밋(로그오프됨)",
	"command.undoCommit": "마지막 커밋 실행 취소",
	"command.checkout": "다음으로 체크 아웃...",
	"command.branch": "분기 만들기...",
	"command.pull": "풀",
	"command.pullRebase": "풀(다시 지정)",
	"command.push": "푸시",
	"command.pushTo": "다음으로 푸시...",
	"command.sync": "동기화",
	"command.publish": "게시",
	"command.showOutput": "Git 출력 표시",
	"config.enabled": "Git 사용 여부",
	"config.path": "Git 실행 파일의 경로",
	"config.autorefresh": "자동 새로 고침 사용 여부",
	"config.autofetch": "자동 가져오기 사용 여부",
	"config.enableLongCommitWarning": "긴 커밋 메시지에 대해 경고할지 여부입니다.",
	"config.confirmSync": "Git 리포지토리를 동기화하기 전에 확인합니다.",
	"config.countBadge": "Git 배지 카운터를 제어합니다.",
	"config.checkoutType": "나열되는 분기 유형을 제어합니다."
}