{
	"command.clone": "Clona",
	"command.init": "Inizializza repository",
	"command.refresh": "Aggiorna",
	"command.openChange": "Apri modifica",
	"command.openFile": "Apri file",
	"command.stage": "Prepara file per commit",
	"command.stageAll": "Prepara tutti i file per commit",
	"command.stageSelectedRanges": "Prepara per il commit intervalli selezionati",
	"command.revertSelectedRanges": "Ripristina intervalli selezionati",
	"command.unstage": "Annulla preparazione file per commit",
	"command.unstageAll": "Annulla preparazione di tutti i file per commit",
	"command.unstageSelectedRanges": "Annulla preparazione per il commit di intervalli selezionati",
	"command.clean": "Pulisci file",
	"command.cleanAll": "Pulisci tutti i file",
	"command.commit": "Commit",
	"command.commitStaged": "Esegui commit dei file preparati",
	"command.commitStagedSigned": "Esegui commit dei file preparati (approvazione)",
	"command.commitAll": "Esegui commit di tutto",
	"command.commitAllSigned": "Esegui commit di tutto (approvazione)",
	"command.undoCommit": "Annulla ultimo commit",
	"command.checkout": "Estrai in...",
	"command.branch": "Crea ramo...",
	"command.pull": "Esegui pull",
	"command.pullRebase": "Esegui pull (Riassegna)",
	"command.push": "Esegui push",
	"command.pushTo": "Esegui push in...",
	"command.sync": "Sincronizza",
	"command.publish": "Pubblica",
	"command.showOutput": "Mostra output GIT",
	"config.enabled": "Indica se GIT è abilitato",
	"config.path": "Percorso dell'eseguibile di GIT",
	"config.autorefresh": "Indica se l'aggiornamento automatico è abilitato",
	"config.autofetch": "Indica se il recupero automatico è abilitato",
	"config.enableLongCommitWarning": "Indica se visualizzare un avviso in caso di messaggi di commit lunghi",
	"config.confirmSync": "Conferma prima di sincronizzare i repository GIT",
	"config.countBadge": "Controlla il contatore dei log GIT",
	"config.checkoutType": "Controlla il tipo di rami elencati"
}