{
	"command.clone": "Clonar",
	"command.init": "Inicializar el repositorio",
	"command.refresh": "Actualizar",
	"command.openChange": "Abrir cambio",
	"command.openFile": "Abrir archivo",
	"command.stage": "Almacenar archivo provisionalmente",
	"command.stageAll": "Almacenar todos los archivos provisionalmente",
	"command.stageSelectedRanges": "Realizar copia intermedia de los intervalos seleccionados",
	"command.revertSelectedRanges": "Revertir los intervalos seleccionados",
	"command.unstage": "Cancelar almacenamiento provisional del archivo",
	"command.unstageAll": "Cancelar almacenamiento provisional de todos los archivos",
	"command.unstageSelectedRanges": "Cancelar almacenamiento provisional de los intervalos seleccionados",
	"command.clean": "Limpiar archivo",
	"command.cleanAll": "Limpiar todos los archivos",
	"command.commit": "Confirmar",
	"command.commitStaged": "Confirmar almacenados provisionalmente",
	"command.commitStagedSigned": "Confirmar archivos almacenados provisionalmente (aprobados)",
	"command.commitAll": "Confirmar todo",
	"command.commitAllSigned": "Confirmar todo (aprobado)",
	"command.undoCommit": "Deshacer última confirmación",
	"command.checkout": "Desproteger en...",
	"command.branch": "Crear rama...",
	"command.pull": "Incorporación de cambios",
	"command.pullRebase": "Incorporación de cambios (fusionar mediante cambio de base)",
	"command.push": "Insertar",
	"command.pushTo": "Insertar en...",
	"command.sync": "Sincronizar",
	"command.publish": "Publicar",
	"command.showOutput": "Mostrar salida de GIT",
	"config.enabled": "Si GIT está habilitado",
	"config.path": "Ruta de acceso del ejecutable de GIT",
	"config.autorefresh": "Si la actualización automática está habilitada",
	"config.autofetch": "Si la búsqueda automática está habilitada",
	"config.enableLongCommitWarning": "Si se debe advertir sobre los mensajes de confirmación largos",
	"config.confirmSync": "Confirmar antes de sincronizar repositorios GIT",
	"config.countBadge": "Controla el contador de señales GIT",
	"config.checkoutType": "Controla qué tipo de ramas figuran en la lista"
}