{
	"command.clone": "Клонировать",
	"command.init": "Инициализировать репозиторий",
	"command.refresh": "Обновить",
	"command.openChange": "Открыть изменение",
	"command.openFile": "Открыть файл",
	"command.stage": "Промежуточно хранить файл",
	"command.stageAll": "Промежуточно хранить все файлы",
	"command.stageSelectedRanges": "Разместить выбранные диапазоны",
	"command.revertSelectedRanges": "Отменить выбранные диапазоны",
	"command.unstage": "Отменить промежуточное хранение файла",
	"command.unstageAll": "Отменить промежуточное хранение всех файлов",
	"command.unstageSelectedRanges": "Отменить размещение выбранных диапазонов",
	"command.clean": "Очистить файл",
	"command.cleanAll": "Очистить все файлы",
	"command.commit": "Зафиксировать",
	"command.commitStaged": "Зафиксировать промежуточные",
	"command.commitStagedSigned": "Зафиксировать промежуточные (завершено)",
	"command.commitAll": "Зафиксировать все",
	"command.commitAllSigned": "Зафиксировать все (завершено)",
	"command.undoCommit": "Отменить последнюю фиксацию",
	"command.checkout": "Извлечь в...",
	"command.branch": "Создать ветвь...",
	"command.pull": "Получить",
	"command.pullRebase": "Получить (переместить изменения из одной ветви в другую)",
	"command.push": "Отправить",
	"command.pushTo": "Отправить в...",
	"command.sync": "Синхронизация",
	"command.publish": "Опубликовать",
	"command.showOutput": "Показать выходные данные GIT",
	"config.enabled": "Включен ли GIT",
	"config.path": "Путь к исполняемому файлу GIT",
	"config.autorefresh": "Включено ли автоматическое обновление",
	"config.autofetch": "Включено ли автоматическое получение",
	"config.enableLongCommitWarning": "Следует ли предупреждать о длинных сообщениях о фиксации",
	"config.confirmSync": "Подтвердите синхронизацию репозиториев GIT.",
	"config.countBadge": "Управляет счетчиком эмблем GIT.",
	"config.checkoutType": "Определяет, какие типы ветвей перечисляются."
}