{
	"typescript.reloadProjects.title": "Ricarica progetto",
	"javascript.reloadProjects.title": "Ricarica progetto",
	"configuration.typescript": "TypeScript",
	"typescript.useCodeSnippetsOnMethodSuggest.dec": "Completare le funzioni con la relativa firma del parametro.",
	"typescript.tsdk.desc": "Specifica il percorso della cartella che contiene i file tsserver e lib*.d.ts da usare.",
	"typescript.tsdk_version.desc": "Specifica la versione di tsserver. È necessario solo se tsserver non viene installato con npm.",
	"typescript.disableAutomaticTypeAcquisition": "Disabilita l'acquisizione automatica del tipo. Richiede TypeScript >= 2.0.6 e un riavvio dopo la modifica.",
	"typescript.check.tscVersion": "Verifica se un compilatore TypeScript di installazione globale, ad esempio tsc, è diverso dal servizio di linguaggio TypeScript usato.",
	"typescript.tsserver.trace": "Consente la traccia dei messaggi inviati al server di Servizi terminal.",
	"typescript.tsserver.experimentalAutoBuild": "Abilita la compilazione automatica sperimentale. Richiede la versione 1.9 dev o 2.x tsserver e il riavvio di Visual Studio Code dopo la modifica.",
	"typescript.validate.enable": "Abilita/Disabilita la convalida TypeScript.",
	"typescript.format.enable": "Abilita/Disabilita il formattatore TypeScript predefinito.",
	"javascript.format.enable": "Abilita/Disabilita il formattatore JavaScript predefinito.",
	"format.insertSpaceAfterCommaDelimiter": "Consente di definire la gestione dello spazio dopo una virgola di delimitazione6",
	"format.insertSpaceAfterSemicolonInForStatements": " Consente di definire la gestione dello spazio dopo un punto e virgola in un'istruzione for.",
	"format.insertSpaceBeforeAndAfterBinaryOperators": "Consente di definire la gestione dello spazio dopo un operatore binario.",
	"format.insertSpaceAfterKeywordsInControlFlowStatements": "Consente di definire la gestione dello spazio dopo le parole chiave in un'istruzione del flusso di controllo.",
	"format.insertSpaceAfterFunctionKeywordForAnonymousFunctions": "Consente di definire la gestione dello spazio dopo la parola chiave function per funzioni anonime.",
	"format.insertSpaceAfterOpeningAndBeforeClosingNonemptyParenthesis": "Consente di definire la gestione dello spazio dopo le parentesi tonde di apertura e di chiusura non vuote.",
	"format.insertSpaceAfterOpeningAndBeforeClosingNonemptyBrackets": "Consente di definire la gestione dello spazio dopo le parentesi quadre di apertura e di chiusura non vuote.",
	"format.insertSpaceAfterOpeningAndBeforeClosingTemplateStringBraces": "Consente di definire la gestione dello spazio dopo la parentesi graffa iniziale e prima della parentesi graffa finale della stringa del modello. Richiede TypeScript >= 2.0.6",
	"format.insertSpaceAfterOpeningAndBeforeClosingJsxExpressionBraces": "Consente di definire la gestione dello spazio dopo la parentesi graffa iniziale e prima della parentesi graffa finale dell'espressione JSX. Richiede TypeScript >= 2.0.6",
	"format.placeOpenBraceOnNewLineForFunctions": "Consente di definire se una parentesi graffa di apertura viene o meno inserita su una riga per le funzioni.",
	"format.placeOpenBraceOnNewLineForControlBlocks": "Consente di definire se una parentesi graffa di apertura viene o meno inserita su una riga per i blocchi di controllo.",
	"javascript.validate.enable": "Abilita/Disabilita la convalida JavaScript.",
	"typescript.goToProjectConfig.title": "Passa a Configurazione progetto",
	"javascript.goToProjectConfig.title": "Passa a Configurazione progetto",
	"typescript.referencesCodeLens.enabled": "Abilita/Disabilita le finestre CodeLens per i riferimenti.",
	"typescript.selectTypeScriptVersion.title": "Seleziona la versione di TypeScript"
}