{
	"typescript.reloadProjects.title": "Projekt erneut laden",
	"javascript.reloadProjects.title": "Projekt erneut laden",
	"configuration.typescript": "TypeScript",
	"typescript.useCodeSnippetsOnMethodSuggest.dec": "Vervollständigen Sie Funktionen mit deren Parametersignatur.",
	"typescript.tsdk.desc": "Gibt den Ordnerpfad mit den zu verwendenden tsserver- und lib*.d.ts-Dateien an.",
	"typescript.tsdk_version.desc": "Gibt die Version von tsserver an. Nur erforderlich, wenn der tsserver nicht mithilfe von npm installiert wird.",
	"typescript.disableAutomaticTypeAcquisition": "Deaktiviert die automatische Typerfassung. Erfordert TypeScript >= 2.0.6 und einen Neustart nach der Änderung.",
	"typescript.check.tscVersion": "Überprüfen, ob sich ein global installierter TypeScript-Compiler (z. B. tsc) vom verwendeten TypeScript-Sprachdienst unterscheidet.",
	"typescript.tsserver.trace": "Aktiviert die Nachverfolgung von an den TS-Server gesendeten Nachrichten.",
	"typescript.tsserver.experimentalAutoBuild": "Ermöglicht experimentelle automatische Buildvorgänge. Erfordert Version 1.9 dev oder 2.x tsserver sowie einen Neustart von VS Code nach der Änderung.",
	"typescript.validate.enable": "TypeScript-Überprüfung aktivieren/deaktivieren.",
	"typescript.format.enable": "Standardmäßigen TypeScript-Formatierer aktivieren/deaktivieren.",
	"javascript.format.enable": "Standardmäßigen JavaScript-Formatierer aktivieren/deaktivieren.",
	"format.insertSpaceAfterCommaDelimiter": "Definiert die Verarbeitung von Leerzeichen nach einem Kommatrennzeichen.",
	"format.insertSpaceAfterSemicolonInForStatements": " Definiert die Verarbeitung von Leerzeichen nach einem Semikolon in einer for-Anweisung.",
	"format.insertSpaceBeforeAndAfterBinaryOperators": "Definiert die Verarbeitung von Leerzeichen nach einem binären Operator.",
	"format.insertSpaceAfterKeywordsInControlFlowStatements": "Definiert die Verarbeitung von Leerzeichen nach Schlüsselwörtern in einer Flusssteuerungsanweisung.",
	"format.insertSpaceAfterFunctionKeywordForAnonymousFunctions": "Definiert die Verarbeitung von Leerzeichen nach einem Funktionsschlüsselwort für anonyme Funktionen.",
	"format.insertSpaceAfterOpeningAndBeforeClosingNonemptyParenthesis": "Definiert die Verarbeitung von Leerzeichen nach öffnenden und vor schließenden nicht leeren runden Klammern.",
	"format.insertSpaceAfterOpeningAndBeforeClosingNonemptyBrackets": "Definiert die Verarbeitung von Leerzeichen nach öffnenden und vor schließenden nicht leeren eckigen Klammern.",
	"format.insertSpaceAfterOpeningAndBeforeClosingTemplateStringBraces": "Definiert die Verarbeitung von Leerzeichen nach öffnenden und vor schließenden geschweiften Klammern für Vorlagenzeichenfolgen. Erfordert TypeScript >= 2.0.6.",
	"format.insertSpaceAfterOpeningAndBeforeClosingJsxExpressionBraces": "Definiert die Verarbeitung von Leerzeichen nach öffnenden und vor schließenden geschweiften Klammern für JSX-Ausdrücke. Erfordert TypeScript >= 2.0.6.",
	"format.placeOpenBraceOnNewLineForFunctions": "Definiert, ob eine öffnende geschweifte Klammer für Funktionen in eine neue Zeile eingefügt wird.",
	"format.placeOpenBraceOnNewLineForControlBlocks": "Definiert, ob eine öffnende geschweifte Klammer für Kontrollblöcke in eine neue Zeile eingefügt wird.",
	"javascript.validate.enable": "JavaScript-Überprüfung aktivieren/deaktivieren.",
	"typescript.goToProjectConfig.title": "Zur Projektkonfiguration wechseln",
	"javascript.goToProjectConfig.title": "Zur Projektkonfiguration wechseln",
	"typescript.referencesCodeLens.enabled": "Referenz zu CodeLens aktivieren/deaktivieren.",
	"typescript.selectTypeScriptVersion.title": "TypeScript-Version wählen"
}