{
	"typescript.reloadProjects.title": "Volver a cargar el proyecto",
	"javascript.reloadProjects.title": "Volver a cargar el proyecto",
	"configuration.typescript": "TypeScript",
	"typescript.useCodeSnippetsOnMethodSuggest.dec": "Complete las funciones con la signatura de parámetro.",
	"typescript.tsdk.desc": "Especifica la ruta de acceso de carpeta que contiene los archivos lib*.d.ts y tsserver que se van a usar.",
	"typescript.tsdk_version.desc": "Especifica la versión de tsserver. Solo es necesario si tsserver no se ha instalado con npm.",
	"typescript.disableAutomaticTypeAcquisition": "Deshabilita la adquisición automática de tipos. Requiere TypeScript >= 2.0.6 y es necesario reiniciar después de cambiarlo.",
	"typescript.check.tscVersion": "Compruebe si un compilador de TypeScript de instalación global (p. ej., tsc) difiere del servicio de lenguaje de TypeScript usado.",
	"typescript.tsserver.trace": "Habilita el seguimiento de los mensajes enviados al servidor de TS.",
	"typescript.tsserver.experimentalAutoBuild": "Permite la generación automática experimental. Requiere la versión de desarrollo 1.9 o tsserver 2.x y un reinicio de VS Code después de modificarlo.",
	"typescript.validate.enable": "Habilita o deshabilita la validación de TypeScript.",
	"typescript.format.enable": "Habilita o deshabilita el formateador predeterminado de TypeScript.",
	"javascript.format.enable": "Habilita o deshabilita el formateador predeterminado de JavaScript.",
	"format.insertSpaceAfterCommaDelimiter": "Define el tratamiento del espacio después de un delimitador de coma.",
	"format.insertSpaceAfterSemicolonInForStatements": " Define el tratamiento del espacio después de punto y coma en una instrucción for.",
	"format.insertSpaceBeforeAndAfterBinaryOperators": "Define el tratamiento del espacio después de un operador binario.",
	"format.insertSpaceAfterKeywordsInControlFlowStatements": "Define el tratamiento del espacio después de las palabras clave en una instrucción de flujo de control.",
	"format.insertSpaceAfterFunctionKeywordForAnonymousFunctions": "Define el tratamiento del espacio después de la palabra clave function para las funciones anónimas.",
	"format.insertSpaceAfterOpeningAndBeforeClosingNonemptyParenthesis": "Define el tratamiento del espacio después de los paréntesis de apertura y antes de los paréntesis de cierre con contenido.",
	"format.insertSpaceAfterOpeningAndBeforeClosingNonemptyBrackets": "Define el tratamiento del espacio después de los corchetes de apertura y antes de los corchetes de cierre con contenido.",
	"format.insertSpaceAfterOpeningAndBeforeClosingTemplateStringBraces": "Define el tratamiento del espacio después de la llave de apertura y antes de la llave de cierre de cadenas de plantilla. Requiere TypeScript >= 2.0.6.",
	"format.insertSpaceAfterOpeningAndBeforeClosingJsxExpressionBraces": "Define el tratamiento del espacio después de la llave de apertura y antes de la llave de cierre de las expresiones JSX. Requiere TypeScript >= 2.0.6.",
	"format.placeOpenBraceOnNewLineForFunctions": "Define si una llave de apertura se incluye en una nueva línea para las funciones o no.",
	"format.placeOpenBraceOnNewLineForControlBlocks": "Define si una llave de apertura se incluye en una nueva línea para los bloques de control o no.",
	"javascript.validate.enable": "Habilita o deshabilita la validación de JavaScript.",
	"typescript.goToProjectConfig.title": "Ir a configuración del proyecto",
	"javascript.goToProjectConfig.title": "Ir a configuración del proyecto",
	"typescript.referencesCodeLens.enabled": "Habilitar/deshabilitar CodeLens de referencias.",
	"typescript.selectTypeScriptVersion.title": "Seleccionar versión de TypeScript"
}