{
	"typescript.reloadProjects.title": "重载项目",
	"javascript.reloadProjects.title": "重载项目",
	"configuration.typescript": "TypeScript",
	"typescript.useCodeSnippetsOnMethodSuggest.dec": "完成函数的参数签名。",
	"typescript.tsdk.desc": "指定包含要使用的 tsserver 和 lib*.d.ts 文件的文件夹路径。",
	"typescript.disableAutomaticTypeAcquisition": "禁用自动获取类型。需要 TypeScript >= 2.0.6，并且更改后需要重启。",
	"typescript.check.tscVersion": "检查全局安装的 TypeScript 编译器(例如 tsc )是否不同于使用的 TypeScript 语言服务。",
	"typescript.tsserver.log": "将 TS 服务器的日志保存到一个文件。此日志可用于诊断 TS 服务器问题。日志可能包含你的项目中的文件路径、源代码和其他可能敏感的信息。",
	"typescript.tsserver.trace": "对发送到 TS 服务器的消息启用跟踪。此跟踪信息可用于诊断 TS 服务器问题。 跟踪信息可能包含你的项目中的文件路径、源代码和其他可能敏感的信息。",
	"typescript.validate.enable": "启用/禁用 TypeScript 验证。",
	"typescript.format.enable": "启用/禁用默认 TypeScript 格式化程序。",
	"javascript.format.enable": "启用/禁用 JavaScript 格式化程序。",
	"format.insertSpaceAfterCommaDelimiter": "定义逗号分隔符后面的空格处理。",
	"format.insertSpaceAfterConstructor": "定义构造器关键字后的空格处理。要求 TypeScript >= 2.3.0。",
	"format.insertSpaceAfterSemicolonInForStatements": "在 For 语句中，定义分号后面的空格处理。",
	"format.insertSpaceBeforeAndAfterBinaryOperators": "定义二进制运算符后面的空格处理",
	"format.insertSpaceAfterKeywordsInControlFlowStatements": "定义控制流语句中关键字后面的空格处理。",
	"format.insertSpaceAfterFunctionKeywordForAnonymousFunctions": "定义匿名函数的函数关键字后面的空格处理。",
	"format.insertSpaceBeforeFunctionParenthesis": "在函数参数括号前定义空格处理。需要 TypeScript >= 2.1.5。",
	"format.insertSpaceAfterOpeningAndBeforeClosingNonemptyParenthesis": "定义非空圆括号的左括号后面和右括号前面的空格处理。",
	"format.insertSpaceAfterOpeningAndBeforeClosingNonemptyBrackets": "定义非空方括号的左括号后面和右括号前面的空格处理。",
	"format.insertSpaceAfterOpeningAndBeforeClosingNonemptyBraces": "定义非空括号的左括号后面和右括号前面的空格处理。要求 TypeScript >= 2.3.0。",
	"format.insertSpaceAfterOpeningAndBeforeClosingTemplateStringBraces": "定义模板字符串的左括号后面和右括号前面的空格处理。要求 TypeScript >= 2.0.6。",
	"format.insertSpaceAfterOpeningAndBeforeClosingJsxExpressionBraces": "定义 JSX 表达式左括号后面和右括号前面的空格处理。要求 TypeScript >= 2.0.6。",
	"format.insertSpaceAfterTypeAssertion": "定义 TypeScript 中类型断言后的空格处理。要求 TypeScript >= 2.4。",
	"format.placeOpenBraceOnNewLineForFunctions": "定义函数的左大括号是否放置在新的一行。",
	"format.placeOpenBraceOnNewLineForControlBlocks": "定义控制块的左括号是否放置在新的一行。",
	"javascript.validate.enable": "启用/禁用 JavaScript 验证。",
	"typescript.goToProjectConfig.title": "转到项目配置",
	"javascript.goToProjectConfig.title": "转到项目配置",
	"javascript.referencesCodeLens.enabled": "启用/禁用在 JavaScript 文件中引用 CodeLens。",
	"typescript.referencesCodeLens.enabled": "启用/禁用在 TypeScript 文件中引用 CodeLens。要求 TypeScript >= 2.0.6。",
	"typescript.implementationsCodeLens.enabled": "启用/禁用实现 CodeLens。要求 TypeScript >= 2.2.0。",
	"typescript.openTsServerLog.title": "打开 TS 服务器日志",
	"typescript.restartTsServer": "重启 TS 服务器",
	"typescript.selectTypeScriptVersion.title": "选择 TypeScript 版本",
	"jsDocCompletion.enabled": "启用/禁用自动 JSDoc 注释",
	"javascript.implicitProjectConfig.checkJs": "启用/禁用 JavaScript 文件的语义检查。现有的 jsconfig.json 或\n tsconfig.json 文件会覆盖此设置。要求 TypeScript >=2.3.1。",
	"typescript.npm": "指定用于自动获取类型的 NPM 可执行文件的路径。要求 TypeScript >= 2.3.4。",
	"typescript.check.npmIsInstalled": "检查是否安装了 NPM 以自动获取类型。",
	"javascript.nameSuggestions": "启用/禁用在 JavaScript 建议列表中包含文件中的唯一名称。",
	"typescript.tsc.autoDetect": "控制自动检测 tsc 任务是否打开。",
	"typescript.problemMatchers.tsc.label": "TypeScript 问题",
	"typescript.problemMatchers.tscWatch.label": "TypeScript 问题(观看模式)"
}