{
	"typescript.reloadProjects.title": "프로젝트 다시 로드",
	"javascript.reloadProjects.title": "프로젝트 다시 로드",
	"configuration.typescript": "TypeScript",
	"typescript.useCodeSnippetsOnMethodSuggest.dec": "매개 변수 서명으로 함수를 완료하세요.",
	"typescript.tsdk.desc": "사용할 tsserver 및 lib*.d.ts 파일이 들어 있는 폴더 경로를 지정합니다.",
	"typescript.disableAutomaticTypeAcquisition": "자동 형식 인식을 사용하지 않습니다. TypeScript >= 2.0.6이 필요하며 변경 후 다시 시작해야 합니다.",
	"typescript.check.tscVersion": "전역 설치 TypeScript 컴파일러(예: tsc)가 사용된 TypeScript 언어 서비스와 다른지 확인하세요.",
	"typescript.tsserver.log": "파일에 대해 TS 서버 로깅을 사용하도록 설정합니다. 이 로그는 TS 서버 문제를 진단하는 데 사용될 수 있습니다. 로그에는 파일 경로, 소스 코드 및 프로젝트에서 잠재적으로 중요한 기타 정보가 포함될 수 있습니다.",
	"typescript.tsserver.trace": "TS 서버로 전송한 메시지 추적을 사용하도록 설정합니다. 이\n 추적은 TS 서버 문제를 진단하는 데 사용될 수 있습니다. 추적에는 파일 경로, 소스 코드 및 프로젝트에서 잠재적으로 중요한\n 기타 정보가 포함될 수 있습니다.",
	"typescript.validate.enable": "TypeScript 유효성 검사를 사용하거나 사용하지 않습니다.",
	"typescript.format.enable": "기본 TypeScript 포맷터를 사용하거나 사용하지 않습니다.",
	"javascript.format.enable": "기본 JavaScript 포맷터를 사용하거나 사용하지 않습니다.",
	"format.insertSpaceAfterCommaDelimiter": "쉼표 구분 기호 뒤에 오는 공백 처리를 정의합니다.",
	"format.insertSpaceAfterConstructor": "컨스트럭터 키워드 뒤 공백 처리를 정의합니다. TypeScript >= 2.3.0이 필요합니다.",
	"format.insertSpaceAfterSemicolonInForStatements": " for 문에서 세미콜론 뒤에 오는 공백 처리를 정의합니다.",
	"format.insertSpaceBeforeAndAfterBinaryOperators": "이항 연산자 뒤에 오는 공백 처리를 정의합니다.",
	"format.insertSpaceAfterKeywordsInControlFlowStatements": "제어 흐름 문의 키워드 뒤에 오는 공백 처리를 정의합니다.",
	"format.insertSpaceAfterFunctionKeywordForAnonymousFunctions": "익명 함수의 function 키워드 뒤에 오는 공백 처리를 정의합니다.",
	"format.insertSpaceBeforeFunctionParenthesis": "함수 인수 괄호 앞에 오는 공백 처리를 정의합니다. TypeScript 2.1.5 이상이 필요합니다.",
	"format.insertSpaceAfterOpeningAndBeforeClosingNonemptyParenthesis": "비어 있지 않은 여는 괄호 뒤와 닫는 괄호 앞에 오는 공백 처리를 정의합니다.",
	"format.insertSpaceAfterOpeningAndBeforeClosingNonemptyBrackets": "비어 있지 않은 여는 대괄호 뒤와 닫는 대괄호 앞에 오는 공백 처리를 정의합니다.",
	"format.insertSpaceAfterOpeningAndBeforeClosingNonemptyBraces": "비어 있지 않은 여는 중괄호 뒤와 닫는 중괄호 앞의 공백 처리를 정의합니다. TypeScript >= 2.3.0이 필요합니다.",
	"format.insertSpaceAfterOpeningAndBeforeClosingTemplateStringBraces": "템플릿 문자열의 여는 중괄호 뒤와 닫는 중괄호 앞의 공백 처리를 정의합니다. TypeScript >= 2.0.6이 필요합니다.",
	"format.insertSpaceAfterOpeningAndBeforeClosingJsxExpressionBraces": "JSX 식의 여는 중괄호 뒤와 닫는 중괄호 앞의 공백 처리를 정의합니다. TypeScript >= 2.0.6이 필요합니다.",
	"format.insertSpaceAfterTypeAssertion": "TypeScript에서 유형 어설션 이후 공백 처리를 정의합니다. TypeScript >= 2.4가 필요합니다.",
	"format.placeOpenBraceOnNewLineForFunctions": "함수의 새 줄에 여는 중괄호를 넣을지 정의합니다.",
	"format.placeOpenBraceOnNewLineForControlBlocks": "제어 블록의 새 줄에 여는 중괄호를 넣을지 정의합니다.",
	"javascript.validate.enable": "JavaScript 유효성 검사를 사용하거나 사용하지 않습니다.",
	"typescript.goToProjectConfig.title": "프로젝트 구성으로 이동",
	"javascript.goToProjectConfig.title": "프로젝트 구성으로 이동",
	"javascript.referencesCodeLens.enabled": "JavaScript 파일에서 CodeLense 참조를 사용/사용 안 함으로 설정합니다.",
	"typescript.referencesCodeLens.enabled": "TypeScript 파일에서 참조 CodeLense를 사용/사용 안 함으로 설정합니다. TypeScript >= 2.0.6이 필요합니다.",
	"typescript.implementationsCodeLens.enabled": "구현 CodeLens를 사용하거나 사용하지 않도록 설정합니다. TypeScript >= 2.2.0이 필요합니다.",
	"typescript.openTsServerLog.title": "TS 서버 로그 열기",
	"typescript.restartTsServer": "TS 서버 다시 시작",
	"typescript.selectTypeScriptVersion.title": "TypeScript 버전 선택",
	"jsDocCompletion.enabled": "자동 JSDoc 주석 사용/사용 안 함",
	"javascript.implicitProjectConfig.checkJs": "JavaScript 파일의 의미 체계 검사를 사용/사용하지 않습니다. 기존 jsconfig.json 또는 tsconfig.json 파일은 이 설정을 재정의합니다. TypeScript >=2.3.1이 필요합니다. ",
	"typescript.npm": "자동 입력 인식에 사용된 NPM 실행 파일 경로를 지정합니다. TypeScript >= 2.3.4가 필요합니다.",
	"typescript.check.npmIsInstalled": "자동 입력 인식에 대해 NPM이 설치되어 있는지 확인합니다.",
	"javascript.nameSuggestions": "JavaScript 제안 목록의 파일에서 고유한 이름 포함을 사용/사용 안 함으로 설정합니다.",
	"typescript.tsc.autoDetect": "tsc 작업의 자동 검색을 켜거나 끕니다.",
	"typescript.problemMatchers.tsc.label": "TypeScript 문제",
	"typescript.problemMatchers.tscWatch.label": "TypeScript 문제(감시 모드)"
}